name,url,stars,rating,price,address,description,equipments,capacity,payment_methods,opening_periods
hotelF1 Avignon Courtine Gare TGV,https://avignon-tourisme.com/offres/hotelf1-avignon-courtine-gare-tgv-avignon-fr-4143844/,0,,35€,"205, Rue Jean Marie Tjibaou, 205 rue JM Tjibaou, 84000 Avignon","L’hôtel 1 étoile et ses 71 chambres vous accueillent à moins de 3 km des remparts et à 800 m de la gare TGV. Son équipe conviviale vous propose des chambres confortables, dont les CABRIO avec salle de bain privative, pour un séjour pratique et économique.","Accessible en fauteuil roulant en autonomie,Matériel Bébé,Climatisation,Lit bébé,Terrasse,Climatisation,Parking,Jardin,Parking privé,Parking gratuit,Animaux acceptés,Petit déjeuner",3 Chambre(s) pour personne à mobilité réduite,"Carte bancaire/crédit,Chèque,Chèque-Vacances Classic",Toute l'année 2025 - Ouvert tous les jours
La Reine Jeanne - Location de vacances,https://avignon-tourisme.com/offres/la-reine-jeanne-location-de-vacances-avignon-fr-4143777/,0,,,"24, bis rue Saint Etienne, rue Petite Saunerie, Rue Banasterie, 84000 Avignon","Cinq appartements de charme dans un Hôtel Particulier du XVe siècle et une ancienne maison de ville, tous idéalement situés dans le centre historique d'Avignon, proches du Palais des Papes.","Non accessible en fauteuil roulant,Climatisation,Lit bébé,Coffre privatif,Accès Internet privatif Wifi,Matériel Bébé,Parking,Parking payant,Habitation indépendante,Climatisation,Animaux acceptés,Ménage avec supplément",6 Chambre(s),Chèque,Toute l'année 2025 - Ouvert tous les jours
Hôtel Médiéval,https://avignon-tourisme.com/offres/hotel-medieval-avignon-fr-4143611/,0,,85€,"15, rue de la Petite Saunerie, 84000 Avignon","Hôtel de charme situé dans une rue calme au coeur  du centre historique d'Avignon. L'Hôtel Médiéval dispose de 34 chambres confortables, équipées de douche ou de bain WC, téléphone direct, télévision et accès internet.","Non accessible en fauteuil roulant,Matériel Bébé,Coffre privatif,Coin cuisine,Lit bébé,Chambre familiale,Abris pour vélo ou VTT,Climatisation,Jardin,Accueil nuit,Petit déjeuner,Bagagerie",34 Chambre(s) double,"Carte bancaire/crédit,Chèque,Chèque-Vacances Classic,Espèces",Toute l'année 2025 - Ouvert tous les jours
Domaine de Rhodes - Appartement Durance,https://avignon-tourisme.com/offres/domaine-de-rhodes-appartement-durance-avignon-fr-5349284/,0,,1050€,"Domaine de Rhodes, 486 chemin de Rhodes, Ile de la Barthelasse, 84000 Avignon","La campagne à 5 minutes du centre historique et médiéval, c'est possible dans ce magnifique domaine idéalement situé, sur l'Ile de la Barthelasse, en face les fameux remparts d’Avignon.",Piscine,2 Lit(s) simple(s),"Carte bancaire/crédit,Chèque,Chèque-Vacances Classic,Espèces,Virement",Du 1 avril 2025 au 31 octobre 2025 - Ouvert tous les jours
N° 15 Les Confidences- Chambres d'hôtes,https://avignon-tourisme.com/offres/n-15-les-confidences-chambres-dhotes-avignon-fr-4143837/,0,,195€,"15, Rue Saluces, 84000 Avignon","Maison d’hôtes de charme, cinq chambres et piscine, située au cœur d’Avignon dans un écrin de verdure au calme.",Piscine,5 Chambre(s),"Carte bancaire/crédit,Chèque",Toute l'année 2025 - Ouvert tous les jours
L'Oriflamme / Le Travertin,https://avignon-tourisme.com/offres/loriflamme-le-travertin-avignon-fr-4143515/,0,,,"5 rue de L'Oriflamme, 6bis rue Jacob, 84000 Avignon","Cinq appartements situés dans l'hypercentre d'Avignon à 5mn à pied du Palais des Papes et proche de toutes les commodités. Meublés de tourisme **, label ""accueil vélo"" avec de très bonnes prestations.","Lit bébé,Accès Internet privatif Wifi,Matériel Bébé,Parking,Parking payant,Habitation indépendante,Terrasse,Climatisation,Accès Internet Wifi,Ménage en fin de séjour,Animaux non acceptés",8 Lit(s) double(s),"Carte bancaire/crédit,Chèque-Vacances Classic",Toute l'année 2025 - Ouvert tous les jours
Altera Roma Boutique Hôtel,https://avignon-tourisme.com/offres/altera-roma-boutique-hotel-avignon-fr-4143752/,0,,80€,"13, Avenue Monclar, 84000 Avignon","Altera Roma Boutique hôtel situé à 10 mn à pied du centre ville, propose 10 chambres rénovées et climatisées donnant pour la plupart sur un jardin ombragé et fleuri. Le petit déjeuner, composé de produits locaux vous est offert.","Accessible en fauteuil roulant en autonomie,Matériel Bébé,Lit 140 cm,Climatisation,Coffre privatif,Coin cuisine,Lit 160 cm,Lit bébé,Chambre familiale,Abris pour vélo ou VTT,Bar,Terrasse",1 Chambre(s) pour personne à mobilité réduite,"Carte bancaire/crédit,Chèque-Vacances Classic,Espèces,Union Pay",Toute l'année 2025 - Ouvert tous les jours
Hôtel d'Europe,https://avignon-tourisme.com/offres/hotel-deurope-avignon-fr-4143430/,0,,310€,"12, place Crillon, 84000 Avignon","Notre Hôtel ***** vous accueille dans un cadre élégant et raffiné, empreint d'histoire.","Accessible en fauteuil roulant en autonomie,Une chambre PMR,Alarme visuelle avec flash lumineux,Boucle magnétique disponible à l’accueil,Climatisation,Lit 160 cm,Lit bébé,Coffre privatif,Lit 180 cm,Matériel Bébé,Baignoire,Restaurant",2 Chambre(s) pour personne à mobilité réduite,"Carte bancaire/crédit,Espèces",Du 15 mars 2025 au 31 décembre 2025 - Ouvert tous les jours
L'Ilot Bambou - Chambres d'hôtes,https://avignon-tourisme.com/offres/lilot-bambou-chambres-dhotes-avignon-fr-4144042/,0,,90€,"3 Chemin des Tennis, Ile Piot, 84000 Avignon","Située à 500 m du centre historique d'Avignon, sur l'île de la Barthelasse, L'Ilot Bambou est une maison d'hôtes offrant 5 chambres climatisées dans un jardin exotique. Les plus : une piscine hors-sol, un local à vélos/motos, et sur la Via Rhôna.",Piscine,1 Lit(s) double(s),"Chèque,Espèces",Du 28 février 2025 au 31 octobre 2025 - Ouvert tous les jours
Les  Peupliers,https://avignon-tourisme.com/offres/les-peupliers-avignon-fr-4604240/,0,,,"2, rue Joseph Roumanille, 84000 Avignon","L'appartement ""Les Peupliers"" un charmant T3 avec 2 chambres,  situé dans un quartier calme à proximité des commodités. Lumineux, avec un séjour spacieux, une cuisine équipée, chambres confortables et un balcon,  un cadre de vie agréable et pratique.","Lit 140 cm,Balcon,Abris pour vélo ou VTT,Terrasse,Parking,Equipements développement durable,Gestion des déchets,Parking gratuit,Parking à vélo,Animaux non acceptés",2 Chambre(s),"Chèque,Paiement en ligne",Du 1 août 2025 au 30 juin 2026 - Ouvert tous les jours
La Tour d'Espagne - Location de vacances,https://avignon-tourisme.com/offres/la-tour-despagne-location-de-vacances-avignon-fr-4143221/,0,,,"580, chemin de la Sacristie, 84000 Avignon","Venez poser vos valises dans cette maison moderne située à seulement 5 km du centre d'Avignon. Location décorée avec goût et modernité. 2 chambres avec salle d'eau et toilettes privatives , idéal 4 personnes.","Non accessible en fauteuil roulant,Aspirateur,Non fumeur,Matériel Bébé,Accès Internet privatif Wifi,Climatisation,Congélateur,Douche,Draps compris,Four,Lave linge privatif,Lave vaisselle",2 Chambre(s),"Chèque,Espèces,Virement",Toute l'année 2025 - Ouvert tous les jours
Hôtel d'Angleterre,https://avignon-tourisme.com/offres/hotel-dangleterre-avignon-fr-4143234/,0,,70€,"29, boulevard Raspail, 84000 Avignon","Hôtel *** situé à l'intérieur des remparts dans un quartier calme et résidentiel, à 500 mètres de la gare et du Palais des Papes. 40 chambres à la décoration raffinée. Garage à motos et local vélo, bornes de recharge uniquement pour Tesla. .","Non accessible en fauteuil roulant,Matériel Bébé,Lit 140 cm,Lit 160 cm,Lit bébé,Chambre familiale,Lit 180 cm,Abris pour vélo ou VTT,Ascenseur,Terrasse,Climatisation,Parking",40 Chambre(s) double,"Carte bancaire/crédit,Chèque,Chèque-Vacances Classic,Espèces",Du 17 janvier 2025 au 19 décembre 2025 - Ouvert tous les jours
Résidence Les Cordeliers,https://avignon-tourisme.com/offres/residence-les-cordeliers-avignon-fr-4143595/,0,,,"49, rue du Portail Magnanen, 84000 Avignon","Cette résidence de tourisme, située à l’intérieur des remparts, offre 60 hébergements, de studios aux deux pièces, confortables et équipés avec kitchenette et salle de bain privative. Laverie et location de salle de réunion sont également disponibles.","Accessible en fauteuil roulant en autonomie,Non fumeur,Matériel Bébé,Lit 140 cm,Sanitaires privés,Climatisation,Coin cuisine,Douche,Draps compris,Sèche cheveux,Télévision,Hébergement insonorisé",,"Carte bancaire/crédit,Chèque,Chèque-Vacances Classic",Toute l'année 2025 - Ouvert tous les jours
Hôtel Mercure Avignon Gare TGV,https://avignon-tourisme.com/offres/hotel-mercure-avignon-gare-tgv-avignon-fr-4143656/,0,,119€,"2 Rue Mère Térésa, 84000 Avignon","Avec 113 chambres et suites, spa, restaurant bistronomique locavore et salles de séminaire, cet hôtel vous plonge dans l’ambiance théâtrale d’Avignon. Un véritable lieu de vie pour une expérience unique alliant confort, gastronomie et bien-être.",Piscine,4 Chambre(s) pour personne à mobilité réduite,"Chèque,Carte bancaire/crédit,Chèque-Vacances Classic",Toute l'année 2025 - Ouvert tous les jours
Les Jardins d'Arcadie,https://avignon-tourisme.com/offres/les-jardins-darcadie-avignon-fr-4143924/,0,,,"16 Boulevard Saint-Roch, 84000 Avignon","Située boulevard Saint-Roch, face aux remparts d'Avignon, la résidence seniors Les Jardins d'Arcadie propose 105 appartements meublés, du studio au T3. Restaurant,  patio ombragé, conciergerie, parking. Elle propose aussi de la location saisonnière.","Handicap moteur,Accessible en fauteuil roulant en autonomie,Animation,Coin cuisine,Séjour / Salle à manger,Abris pour vélo ou VTT,Ascenseur,Terrasse,Climatisation,Laverie,Parking,Restaurant",105 Hébergement(s) pour personne à mobilité réduite,"Chèque,Carte bancaire/crédit",Toute l'année 2025 - Ouvert tous les jours
Domaine de Rhodes - Chambres d'hôtes,https://avignon-tourisme.com/offres/domaine-de-rhodes-chambres-dhotes-avignon-fr-4143646/,0,,115€,"Domaine de Rhodes, 486 chemin de Rhodes, Ile de la Barthelasse, 84000 Avignon","Au cœur de L'Ile de la Barthelasse, au pied de la Cité des Papes, le Domaine de Rhodes, 3*** est un ancien relais de chasse du XVIe siècle.",Piscine,5 Chambre(s),"Chèque,Carte bancaire/crédit,Espèces,Chèque-Vacances Classic",Du 15 mars 2025 au 15 novembre 2025 - Ouvert tous les jours
Aux Beaux Arts et Aux Etudes - Location de vacances,https://avignon-tourisme.com/offres/aux-beaux-arts-et-aux-etudes-location-de-vacances-avignon-fr-4143346/,0,,,"17 PLACE DES ETUDES, 84000 Avignon","Passez vos vacances en plein cœur du centre historique dans un lieu d'exception  ""Art Déco"" de la belle époque. Le charme sera au rendez-vous et l'emplacement idéal !","Réfrigérateur,Chauffage,Accès Internet privatif Wifi gratuit,Lave linge privatif,Lave vaisselle,Micro-ondes,Sèche cheveux,Véranda,Lit 90 cm,Coffre privatif,Télévision,Congélateur",2 Lit(s) simple(s),"Chèque,Carte bancaire/crédit",Toute l'année 2025 - Ouvert tous les jours
Avignon Grand Hôtel,https://avignon-tourisme.com/offres/avignon-grand-hotel-avignon-fr-4143935/,0,,75€,"34 Boulevard Saint-Roch, 84000 Avignon","L'Avignon Grand Hôtel élégant établissement 4 étoiles, se situe aux portes du centre historique, face aux remparts. Il propose 110 chambres spacieuses,  une piscine sur le toit, un jardin,et salles de réunion. Idéal pour séjours d'affaires ou de loisirs.",Piscine,3 Chambre(s) pour personne à mobilité réduite,"Carte bancaire/crédit,Espèces,Virement,Paiement en ligne",Toute l'année 2025 - Ouvert tous les jours
Le Clos Saluces - Chambres d'hôtes,https://avignon-tourisme.com/offres/le-clos-saluces-chambres-dhotes-avignon-fr-4143673/,0,,280€,"11 rue Saluces, 84000 Avignon","Au cœur du centre historique, cet hôtel particulier du XIXe siècle entièrement rénové, vous propose 4 chambres climatisées, décorées avec un subtil mélange de meubles et d'objets du XIXe  et des années 50 à 70.  Jardin au calme avec patio et fontaines.","Non accessible en fauteuil roulant,Câble / Satellite,Non fumeur,Accès Internet privatif Wifi,Accès Internet privatif Wifi gratuit,Climatisation,Douche,Draps compris,Sèche cheveux,Télévision,Séjour / Salle à manger,Douche à l'italienne",1 Lit(s) double(s),Carte bancaire/crédit,Du 1 avril 2025 au 30 septembre 2025 - Ouvert tous les jours
Les Airis et le Mazet des Amants,https://avignon-tourisme.com/offres/les-airis-et-le-mazet-des-amants-avignon-fr-4143740/,0,,,"135 chemin des Amants d'Avignon, 84140 Avignon","Les Airis et le Mazet des Amants  se situe au vert et au frais, sur un terrain arboré de 5000 m2, à 7 minutes en voiture du centre historique (14 minutes en vélo).",Piscine,2 Chambre(s),"Carte bancaire/crédit,Chèque,Paiement en ligne",Toute l'année 2025 - Ouvert tous les jours
Auberge Bagatelle / Auberge de jeunesse,https://avignon-tourisme.com/offres/auberge-bagatelle-auberge-de-jeunesse-avignon-fr-4143308/,0,,,"25, allées Antoine Pinay, Ile de la Barthelasse, Ile de la Barthelasse, 84000 Avignon","Auberge de jeunesse située face au Palais des Papes et au Pont d'Avignon sur l'île de la Barthelasse, dans un cadre verdoyant et ombragé, au bord de l'eau, sous des platanes centenaires.","Accessible en fauteuil roulant avec aide,Alarme visuelle avec flash lumineux,Animation,Matériel Bébé,Chambre familiale,Abris pour vélo ou VTT,Aire de jeux,Bar,Terrasse,Climatisation,Laverie,Parking",142 Personne(s),"Chèque,Carte bancaire/crédit,Espèces,Chèque-Vacances Classic,Paiement sans contact",Toute l'année 2025 - Ouvert tous les jours
La Maison de l'Olivier - Chambre d'hôtes,https://avignon-tourisme.com/offres/la-maison-de-lolivier-chambre-dhotes-avignon-fr-4613680/,0,,,"34, Rue Louis Pasteur, 32B-34 rue Louis Pasteur 84 000 Avignon, 84000 Avignon",La Maison de l'Olivier vous accueille dans ses quatre chambres d'hôtes (dont deux avec terrasse) décorées avec goût et qui vous offriront une prestation de haut standing.,Piscine,4 Chambre(s),"Chèque,Carte bancaire/crédit",Du 1 avril 2025 au 15 novembre 2025 - Ouvert tous les jours
Résidence Cowool,https://avignon-tourisme.com/offres/residence-cowool-avignon-fr-4144049/,0,,,"25 avenue Mazarin, 84000 Avignon","Cowool un nouvel espace en coworking et coliving unique sur Avignon, pour vivre et travailler l’esprit libre ! Un espace coworking novateur hyper connecté avec équipements de dernière génération et 98 Flex'appart à louer pour la nuit ou pour la vie !","Accessible en fauteuil roulant en autonomie,Alarme visuelle avec flash lumineux,Eclairage non éblouissant sur l'ensemble du site,Animation,Climatisation,Lit 160 cm,Coin cuisine,Séjour / Salle à manger,Non fumeur,Restaurant,Jardin,Parking gratuit",4 Hébergement(s) pour personne à mobilité réduite,Carte bancaire/crédit,Toute l'année 2025 - Ouvert tous les jours
Résidence Apart'Hôtel Sainte-Marthe,https://avignon-tourisme.com/offres/residence-aparthotel-sainte-marthe-avignon-fr-4752936/,0,,,"6 A Route de Lyon, 84000 Avignon","Face aux Remparts, l'Apart'Hôtel Sainte-Marthe combine les services d'un hôtel avec les bénéfices et le confort d'un appartement. Les appartements peuvent accueillir 1 à 6 personnes à la nuitée ou en court ou long séjour.","Accessible en fauteuil roulant en autonomie,Climatisation,Lit 160 cm,Lit bébé,Chambre familiale,Lit 180 cm,Coin cuisine,Matériel Bébé,Non fumeur,Parking à proximité,Parking,Parking payant",193 Personne(s),"Carte bancaire/crédit,Espèces,Chèque-Vacances Classic",Toute l'année 2025 - Ouvert tous les jours
Villa Aigarden,https://avignon-tourisme.com/offres/villa-aigarden-avignon-fr-4143716/,0,,140€,"30, Avenue Saint-Jean, 84000 Avignon","la Villa Aigarden est une maison bourgeoise de charme pourvue de 3 chambres dont une suite, toutes décorées dans une ambiance provençale douce et épurée. Vous profiterez d'un parc de verdure, avec piscine et cuisine d’été, à 450 m des Remparts d’Avignon.",Piscine,3 Lit(s) double(s),Carte bancaire/crédit,Du 18 avril 2025 au 28 septembre 2025 - Ouvert tous les jours
Hôtel Festival Sud,https://avignon-tourisme.com/offres/hotel-festival-sud-avignon-fr-4143113/,0,,65€,"115 rue Mourelet, 84000 Avignon","Idéalement situé à proximité du centre d’Avignon et de la gare TGV, l’hôtel Festival Sud propose 28 chambres doubles, studios et appartements tous équipés. L'hôtel propose une piscine, une aire de jeux, un terrain de pétanque dans un parc arboré !",Piscine,2 Chambre(s) pour personne à mobilité réduite,"Carte bancaire/crédit,Chèque,Chèque-Vacances Classic",Toute l'année 2025 - Ouvert tous les jours
Hôtel Bristol,https://avignon-tourisme.com/offres/hotel-bristol-avignon-fr-4143511/,0,,67€,"44, cours Jean Jaurès, BP 186, 84000 Avignon","Hôtel ****,   inspiré des années 20,au cœur du centre historique proposant 75 chambres. Relaxez-vous dans un de nos salons Art déco ou au bar à l'univers Jazzy. Le + : Labellisé Accueil Vélo, l'hôtel dispose d'emplacements réservés et sécurisés aux vélos.","Accessible en fauteuil roulant en autonomie,Matériel Bébé,Lit bébé,Chambre familiale,Ascenseur,Climatisation,Parking,Accueil nuit,Animaux acceptés,Petit déjeuner,Blanchisserie,Animaux avec supplément",4 Chambre(s) pour personne à mobilité réduite,"Carte bancaire/crédit,Chèque-Vacances Classic,Espèces",Toute l'année 2025 - Ouvert tous les jours
Hôtel de Cambis,https://avignon-tourisme.com/offres/hotel-de-cambis-avignon-fr-4143427/,0,,140€,"89 rue Joseph Vernet, 84000 Avignon",L’hôtel de Cambis 4 étoiles aux 41 chambres est situé dans le centre historique d’Avignon. La décoration raffinée à pour thématique les couleurs du vin pour un rendu élégant et moderne.  Sur place profitez du bar l’Orsan et des deux salles de séminaire.,"Matériel Bébé,Coffre privatif,Lit bébé,Ascenseur,Bar,Climatisation,Salle de réunion,Paper board,Visioconférence,Ecran,Wifi dans la salle,Tables",2 Chambre(s) pour personne à mobilité réduite,Carte bancaire/crédit,Toute l'année 2025 - Ouvert tous les jours
Lodges & Nature - Camping les Deux Rhônes,https://avignon-tourisme.com/offres/lodges-nature-camping-les-deux-rhones-avignon-fr-4143672/,0,,,"151, Chemin de Bellegarde, Ile de la Barthelasse, 84000 Avignon",Situé sur  l'Ile de la Barthelasse au coeur de la Provence; le Camping vous accueille dans un lieu unique pour un séjour de rêve sur 3 hectares de verdure. Profitez d'hébergements ombragés et d'une ambiance conviviale.,Piscine,100 Emplacement(s) classé(s),"Carte bancaire/crédit,Espèces",Du 26 février 2025 au 31 décembre 2025 - Ouvert tous les jours
Anne de la Maison Blanche - Location de vacances,https://avignon-tourisme.com/offres/anne-de-la-maison-blanche-location-de-vacances-avignon-fr-4143139/,0,,,"2, rue de Provence, 84000 Avignon","Anne de la Maison Blanche une résidence hôtelière proche des remparts avec studios ou T2. Décoration provençale et contemporaine, piscine, jardin, petit-déjeuner maison et emplacement idéal pour découvrir le Palais des Papes. Havre de paix provençal.","Non accessible en fauteuil roulant,Accès Internet privatif Wifi gratuit,Lit bébé,Accès Internet privatif Wifi,Matériel Bébé,A proximité propriétaire,Parking,Parking payant,Terrasse,Climatisation,Ménage avec supplément,Animaux non acceptés",5 Chambre(s),"Chèque,Carte bancaire/crédit",Du 28 janvier 2025 au 31 décembre 2025 - Ouvert tous les jours
La Banasterie - Chambres d'hôtes,https://avignon-tourisme.com/offres/la-banasterie-chambres-dhotes-avignon-fr-4143817/,0,,115€,"11, Rue de la Banasterie, 84000 Avignon","Au coeur du centre historique, notre maison d'hôtes du XVIe siècle, classée monument historique au décor soigné vous propose 3 chambres, 2 suites et un appartement, tous équipés de salles de bain privées.","Non accessible en fauteuil roulant,Baignoire,Matériel Bébé,Accès Internet privatif Wifi,Lit 140 cm,Accès Internet privatif Wifi gratuit,Coffre privatif,Douche,Sèche cheveux,Lit 160 cm,Lit bébé,Lit 180 cm",5 Chambre(s),"Carte bancaire/crédit,Espèces",Du 1 février 2025 au 30 novembre 2025 - Ouvert tous les jours
Au Saint Roch - Hôtel et Jardin,https://avignon-tourisme.com/offres/au-saint-roch-hotel-et-jardin-avignon-fr-4143547/,0,,75€,"9, rue Paul Mérindol, 84000 Avignon","L'Hôtel Saint Roch, idéalement situé, proche du centre ville historique dispose de 27 chambres spacieuses au charme authentique donnant sur un agréable jardin bucolique., où l'on peut profiter de prendre son petit déjeuner aux beaux jours.","Non accessible en fauteuil roulant,Baignoire,Non fumeur,Matériel Bébé,Lit 140 cm,Climatisation,Lit 90 cm,Lit 160 cm,Lit bébé,Chambre familiale,Abris pour vélo ou VTT,Bar",7 Chambre(s) double,"Carte bancaire/crédit,Chèque,Chèque-Vacances Classic,Espèces,Chèque-Vacances Connect",Toute l'année 2025 - Ouvert tous les jours
Hôtel Central,https://avignon-tourisme.com/offres/hotel-central-avignon-fr-4143252/,0,,59€,"31 rue de la République, 84000 Avignon","Au cœur de la Cité des Papes, très bien situé, l’Hôtel Central est apprécié pour le charme de ses bâtiments anciens et de ses 37 chambres à la décoration soignée. Une cour intérieure, un rooftop et un bar attenant à l'hôtel accueillent les clients.","Accessible en fauteuil roulant en autonomie,Matériel Bébé,Coffre privatif,Lit bébé,Chambre familiale,Ascenseur,Bar,Terrasse,Climatisation,Accueil nuit,Petit déjeuner,Blanchisserie",2 Chambre(s) pour personne à mobilité réduite,"Carte bancaire/crédit,Chèque-Vacances Classic",Toute l'année 2025 - Ouvert tous les jours
Hôtel Le Colbert,https://avignon-tourisme.com/offres/hotel-le-colbert-avignon-fr-4143166/,0,,114€,"7, rue Agricol Perdiguier, 84000 Avignon","L’Hôtel Le Colbert, au cœur d’Avignon, propose 13 chambres à la décoration chaleureuse et authentique. À 5 min de la gare, il offre Wi-Fi gratuit, climatisation, bagagerie et gardiennage vélo. Il allie confort, authenticité avec un emplacement idéal.","Non accessible en fauteuil roulant,Non fumeur,Matériel Bébé,Accès Internet privatif Wifi,Lit 140 cm,Climatisation,Coffre privatif,Lit 160 cm,Lit bébé,Douche à l'italienne,Lit 180 cm,Terrasse",9 Chambre(s) double,"Carte bancaire/crédit,Chèque,Virement",Du 1 mai 2025 au 18 octobre 2025 - Ouvert tous les jours
Face au Palais - Chambres d'hôtes,https://avignon-tourisme.com/offres/face-au-palais-chambres-dhotes-avignon-fr-4143602/,0,,160€,"13 B Place du Palais, 84000 Avignon","Située dans un jardin secret face au Palais des Papes, maison de grand charme du XVIIIe siècle avec 2 chambres climatisées, une au rez-de-chaussée et une deuxième au premier étage.","Non accessible en fauteuil roulant,Jardin,Mitoyen propriétaire,Parking,Parking payant,Climatisation,Accès Internet Wifi,Animaux non acceptés",2 Chambre(s),Carte bancaire/crédit,Du 2 mars 2025 au 27 novembre 2025 - Ouvert tous les jours
A La Terrasse d'Avignon - Location de vacances,https://avignon-tourisme.com/offres/a-la-terrasse-davignon-location-de-vacances-avignon-fr-4143456/,0,,,"62 rue Joseph Vernet, 84000 Avignon","A l'intérieur des remparts, au centre d'Avignon, ce bel appartement tout équipé pour 4 personnes doté d'une chambre et un canapé convertible avec matelas de qualité, saura vous séduire avec sa terrasse offrant une très belle vue sur le Palais des Papes.","Lit 160 cm,Télévision,Coin cuisine,Accès Internet privatif Wifi,Terrasse,Climatisation,Ménage en fin de séjour",1 Chambre(s),,Toute l'année 2025 - Ouvert tous les jours
Le Complot - Maison privée au coeur d'Avignon,https://avignon-tourisme.com/offres/le-complot-maison-privee-au-coeur-davignon-avignon-fr-4143478/,0,,,"16, Impasse Jean-Pierre Gras, 84000 Avignon","A l’abri des regards, au calme, proche du Palais des Papes, la Maison abrite 3 ravissantes chambres et 80m2 de terrasse ombragée.","Non accessible en fauteuil roulant,Baignoire,Climatisation,Coin cuisine,Lit 160 cm,Douche à l'italienne,Terrasse,Climatisation,Terrasse ombragée,Vidéoprojecteur,Paper board,Ecran",3 Chambre(s),"Carte bancaire/crédit,Chèque",Toute l'année 2025 - Ouvert tous les jours
Appartements des Teinturiers - Location de vacances,https://avignon-tourisme.com/offres/appartements-des-teinturiers-location-de-vacances-avignon-fr-4143230/,0,,,"27 rue des Teinturiers, 84000 Avignon","Au coeur du centre historique, dans la pittoresque rue des Teinturiers, 4 appartements confortables (de 40m2 à 85m2), entièrement équipés pour 2 à 6 personnes, dans un immeuble ancien à proximité de tout commerce.","Non accessible en fauteuil roulant,Cuisine,Lit 140 cm,Réfrigérateur,Chauffage,Lave vaisselle,Micro-ondes,Sèche cheveux,Matériel de repassage,Cuisine américaine,Canapé convertible,Lit 90 cm",17 Personne(s),"Chèque,Espèces,Virement",Toute l'année 2025 - Ouvert tous les jours
La Divine Comédie - Chambres d'hôtes,https://avignon-tourisme.com/offres/la-divine-comedie-chambres-dhotes-avignon-fr-4143434/,0,,345€,"16, impasse Jean-Pierre Gras, 84000 Avignon","Dans le plus grand jardin privé d’Avignon au cœur du centre historique, à deux pas du Palais des Papes, se cache cette maison d’hôtes avec ses 5 suites, de beaux salons privés, un jardin, une orangerie, un espace bien-être et un bassin extérieur.","Non accessible en fauteuil roulant,Baignoire,Non fumeur,Matériel Bébé,Climatisation,Douche,Draps compris,Sèche cheveux,Hébergement insonorisé,Lit bébé,Chaise bébé,Chambre familiale",,"Chèque,Carte bancaire/crédit",Toute l'année 2025 - Ouvert tous les jours
Hôtel Boquier,https://avignon-tourisme.com/offres/hotel-boquier-avignon-fr-4143256/,0,,72€,"6, rue du Portail Boquier, 84000 Avignon","Hôtel de charme de 13 chambres situé dans un immeuble du XVIIIe siècle, au coeur de la ville dans une rue calme proche des remparts et de la gare centre.","Non accessible en fauteuil roulant,Climatisation,Lit bébé,Séjour / Salle à manger,Matériel Bébé,Parking,Parking payant,Climatisation,Abris pour vélo ou VTT,Petit déjeuner,Bagagerie,Accès Internet Wifi",10 Chambre(s) double,"Chèque,Carte bancaire/crédit,Chèque-Vacances Classic",Toute l'année 2025 - Ouvert tous les jours
Hôtel Restaurant GOLDEN TULIP AVIGNON LE PARADOU,https://avignon-tourisme.com/offres/hotel-restaurant-golden-tulip-avignon-le-paradou-avignon-fr-4143551/,0,,79€,"85 Avenue Clément Ader - Zone de l’aéroport, MONTFAVET, 84140 Avignon",Venez poser vos valises dans cet hôtel de charme composé de 98 chambres climatisées tout confort nichées dans un écrin de verdure. Ces chambres au couleurs provençales disposent du WIFI gratuit et d'un écran plat pour répondre à tous les besoins.,Piscine,3 Chambre(s) pour personne à mobilité réduite,"Carte bancaire/crédit,Espèces,Chèque-Vacances Classic",Toute l'année 2025 - Ouvert tous les jours
Garlande Hôtel Avignon Centre,https://avignon-tourisme.com/offres/garlande-hotel-avignon-centre-avignon-fr-4143829/,0,,80€,"20, rue Galante, 84000 Avignon","Charmant établissement de 11 chambres situé en plein cœur d'Avignon, dans une rue piétonne tranquille. Aménagé dans une ancienne maison de ville du 18ème siècle, il arbore une décoration chaleureuse et authentique,","Handicap moteur,Non accessible en fauteuil roulant,Accessible en fauteuil roulant avec aide,Mobilier/Comptoir d'accueil adapté aux personnes en fauteuil roulant,Lit, wc... entre 46-50 cm de haut,Espace de circulation sur le côté du lit,Alarme visuelle avec flash lumineux,Lit bébé,Coffre privatif,Matériel Bébé,Equipements développement durable,Gestion des déchets",1 Chambre(s) pour personne à mobilité réduite,"Carte bancaire/crédit,Paiement en ligne",Du 28 février 2025 au 31 décembre 2025 - Ouvert tous les jours
Chambres d'hôtes Les Faverolles,https://avignon-tourisme.com/offres/chambres-dhotes-les-faverolles-avignon-fr-4143936/,0,,76€,"1043 Avenue des Vertes Rives, 84000 Avignon","Séjournez au calme dans la campagne avignonnaise, à 5 km des remparts, dans une bastide du XIXe siècle. L’établissement propose 3 chambres d’hôtes, dont une suite familiale, et une piscine. Idéal pour découvrir la Provence, ses festivals, ses spécialités.",Piscine,3 Lit(s) simple(s),"Chèque,Carte bancaire/crédit",Toute l'année 2025 - Ouvert tous les jours
Hôtel Kyriad Palais des Papes,https://avignon-tourisme.com/offres/hotel-kyriad-palais-des-papes-avignon-fr-4143338/,0,,69€,"26, Place de l'Horloge, 84000 Avignon","L'hôtel Kyriad Palais des Papes***, situé au cœur d'Avignon propose 38 chambres modernes et confortable à la literie haut de gamme, à quelques pas du Palais des Papes et du Pont d'Avignon.  Réception ouverte 24h/24 et 7j/7 pour répondre à vos besoins.","Accessible en fauteuil roulant avec aide,Accessible en fauteuil roulant en autonomie,Mobilier/Comptoir d'accueil adapté aux personnes en fauteuil roulant,WC + barre d'appui + espace de circulation,Douche avec assise + espace de circulation,Climatisation,Lit bébé,Chambre familiale,Matériel Bébé,Non fumeur,Parking,Parking payant",2 Chambre(s) pour personne à mobilité réduite,"Chèque,Carte bancaire/crédit,Chèque-Vacances Classic,Chèque-Vacances Connect,Virement,Union Pay",Toute l'année 2025 - Ouvert tous les jours
Camping du Pont d'Avignon **** - Terracamps,https://avignon-tourisme.com/offres/camping-du-pont-davignon-terracamps-avignon-fr-4144009/,0,,,"10 Chemin de la Barthelasse, 84000 Avignon","Situé sur l‘île préservée de la Barthelasse, ce camping 4 étoiles vous offre une vue imprenable sur le Palais des Papes et le célèbre Pont d’Avignon. Vous pouvez séjourner en emplacement ou en location climatisée sur un parc boisé de 7,6 hectares.",Piscine,300 Emplacement(s) classé(s),"Chèque,Carte bancaire/crédit,Espèces,Chèque-Vacances Classic",Du 1 mars 2025 au 2 novembre 2025 - Ouvert tous les jours
Hôtel de l'Ile,https://avignon-tourisme.com/offres/hotel-de-lile-avignon-fr-4143708/,0,,56€,"12, chemin de la Barthelasse, Ile de La Barthelasse, 84000 Avignon","Hôtel situé sur l'Ile de la Barthelasse, à la campagne, à deux pas du centre ville d'Avignon. 15 chambres équipés de salles de bains et toilettes. L'hôtel dispose d'un jardin et d'une terrasse pour vos petits déjeuner, ainsi que d'un parking clos.","Non accessible en fauteuil roulant,Matériel Bébé,Lit bébé,Chambre familiale,Abris pour vélo ou VTT,Terrasse,Parking,Jardin,Parking privé,Parking gratuit,Petit déjeuner,Accès Internet Wifi",2 Chambre(s) familiale,"Chèque,Espèces",Du 15 mars 2025 au 30 novembre 2025 - Ouvert tous les jours
Le Mas de l'Ile,https://avignon-tourisme.com/offres/le-mas-de-lile-avignon-fr-4762089/,0,,89€,"1261 Chemin des Canotiers, LE MAS DE L'ILE, 84000 Avignon","Notre mas du XIXe siècle entièrement restauré, situé près d'Avignon, vous propose quatre chambres exceptionnelles  climatisées, petit déjeuner compris.",Piscine,4 Lit(s) simple(s),"Chèque,Espèces,Virement,Paiement en ligne,Apple Pay",Du 14 février 2025 au 21 décembre 2025 - Ouvert tous les jours
La Maison de l'Olivier,https://avignon-tourisme.com/offres/la-maison-de-lolivier-avignon-fr-4625743/,0,,,"32b-34, Rue Louis Pasteur, 84000 Avignon",La Maison de l'Olivier vous accueille au sein de ses quatre appartements tout confort dont 1 avec son jardin privatif. Tous les appartement ont un accès direct à la piscine et au jacuzzi extérieur.,Piscine,4 Chambre(s),"Carte bancaire/crédit,Chèque",Toute l'année 2025 - Ouvert tous les jours
Hotel F1 Avignon Nord,https://avignon-tourisme.com/offres/hotel-f1-avignon-nord-sorgues-fr-4184827/,0,,35€,"135, Avenue Louis Pasteur, 84700 Sorgues","L'hotel F1 classé 1 Etoile en 2022 vous propose 63 chambres à petit prix entièrement rénovées dont 12 chambres Cabrio dotées d'une salle de bain privative.. Profitez de la vue sur le Mont Ventoux et d'Avignon, la cité des Papes, à seulement 8km.","Accessible en fauteuil roulant en autonomie,Place réservée PMR,WC + barre d'appui + espace de circulation,Alarme visuelle avec flash lumineux,Boucle magnétique disponible à l’accueil,Personnel d’accueil sensibilisé à l’accueil des personnes en situation de handicap,Matériel Bébé,Télévision,Terrasse,Climatisation,Parking,Jardin",4 Chambre(s) pour personne à mobilité réduite,"Carte bancaire/crédit,Chèque,Chèque-Vacances Classic",Toute l'année 2025 - Ouvert tous les jours
Maison les Lauriers,https://avignon-tourisme.com/offres/maison-les-lauriers-boulbon-fr-4989117/,0,,,"6 rue de l'enclos, 13150 Boulbon",Appartement à l'étage dans jolie petite maison au cœur du village de Boulbon au pied du Château à proximité de tous les commerces.,"Lit 140 cm,Climatisation,Lave linge privatif,Lave vaisselle,Micro-ondes,Sèche cheveux,Matériel de repassage,Canapé convertible,Lit 90 cm,Lit 160 cm,Cafetière,Télévision",2 Chambre(s),Virement,Toute l'année 2025 - Ouvert tous les jours
Hi Avignon,https://avignon-tourisme.com/offres/hi-avignon-avignon-fr-5358351/,0,,,"17 rue de la République, 84000 Avignon","L’auberge de jeunesse Avignon, située au cœur de la ville, propose des chambres spacieuses et familiales ainsi que des dortoirs pour un séjour convivial et abordable. Profitez d’un bar et d’un patio !",,,,Toute l'année 2025 - Ouvert tous les jours
Les Micocouliers,https://avignon-tourisme.com/offres/les-micocouliers-graveson-fr-5369453/,0,,,"445 Route de Cassoulen, 13690 Graveson","Camping*** situé à 1 km du centre de Graveson propose 116 emplacements (Mobil homes et lodges, emplacements pour caravanes, tentes ou camping-cars, ). Piscine et pataugeoire, aire de jeux pour enfants avec structure gonflable, terrain de pétanque ...",Piscine,116 Emplacement(s) classé(s),"Carte bancaire/crédit,Chèque,Chèque-Vacances Classic,Espèces",Du 15 mars 2025 au 15 octobre 2025 - Ouvert tous les jours
Hôtel Le Prieuré  - Baumanière,https://avignon-tourisme.com/offres/hotel-le-prieure-baumaniere-villeneuve-les-avignon-fr-4143106/,0,,,"7 place du Chapitre, 30400 Villeneuve-lès-Avignon","A deux pas du centre d’Avignon, Le Prieuré-Baumanière, 5 étoiles Relais & Châteaux, dispose de tous les atouts pour vous combler...",Piscine,3 Chambre(s) pour personne à mobilité réduite,"Carte bancaire/crédit,Espèces,Paiement en ligne",Du 12 avril 2025 au 29 octobre 2025 - Ouvert tous les jours
Hôtel Ibis Budget Avignon Nord,https://avignon-tourisme.com/offres/hotel-ibis-budget-avignon-nord-le-pontet-fr-4762098/,0,,60€,"643 Avenue de Fontvert, ZI Saint-Tronquet, 84130 Le Pontet","Au cœur de la Provence, l'Ibis Budget Avignon nord le Pontet, offre un accès rapide aux plus beaux sites touristiques. En plus de son parking spacieux et sécurisé, l'hôtel vous propose des chambres 100% rénovées à prix malin de 1 à 4 personnes.","Accessible en fauteuil roulant en autonomie,Matériel Bébé,Accès Internet privatif Wifi,Climatisation,Télévision,Lit bébé,Chambre familiale,Terrasse,Parking,Parking autocar,Parking privé,Animaux acceptés",3 Chambre(s) pour personne à mobilité réduite,"Carte bancaire/crédit,Chèque-Vacances Classic",Toute l'année 2025 - Ouvert tous les jours
Le Cloître du Couvent - Appartement,https://avignon-tourisme.com/offres/le-cloitre-du-couvent-appartement-villeneuve-les-avignon-fr-4143703/,0,,,"37 rue des Récollets, 30400 Villeneuve-lès-Avignon","Centre historique donnant sur jardin intérieur arboré, ancien couvent du 17ème siècle","Non accessible en fauteuil roulant,Aspirateur,Non fumeur,Matériel Bébé,Accès Internet privatif Wifi,Cuisine,Lave linge privatif,Lave vaisselle,Réfrigérateur,Sèche cheveux,Télévision,Balcon",2 Chambre(s),Chèque,Du 1 mars 2025 au 15 novembre 2025 - Ouvert tous les jours
Hôtel  Le Clément V,https://avignon-tourisme.com/offres/hotel-le-clement-v-roquemaure-fr-4143332/,0,,88€,"6 rue Pierre Sémard, 30150 Roquemaure","Logis Hôtel LE CLEMENTV, 2 étoiles, comprenant 20 chambres avec une salle de petit-déjeuner  pour nos clients. Un parking, une piscine, une borne électrique, une terrasse ombragée pour l'été.",Piscine,4 Chambre(s) double,"Carte bancaire/crédit,Chèque,Chèque-Vacances Classic,Espèces,Chèque-Vacances Connect,Paiement sans contact",Toute l'année 2025 - Ouvert tous les jours
Hôtel Le Ya'Tis,https://avignon-tourisme.com/offres/hotel-le-yatis-saint-laurent-des-arbres-fr-4164861/,0,,97€,"112 Avenue des Grenaches, Parc du Tésan, 30126 Saint-Laurent-des-Arbres","Situé à  Saint-Laurent-Des-Arbres à 15mn d'Avignon, l'hôtel Le Ya'tis propose 55 chambres confortables et fonctionnelles, petit déjeuner, soirée étape en semaine, salle de séminaire, groupe.","Accessible en fauteuil roulant en autonomie,Sèche cheveux,Lit bébé,Chambre familiale,Télévision,Matériel Bébé,Jardin,Parking gratuit,Parking privé,Parking autocar,Parking,Terrasse",2 Chambre(s) pour personne à mobilité réduite,"Carte bancaire/crédit,Espèces,Chèque-Vacances Classic",Toute l'année 2025 - Ouvert tous les jours
Logis Hôtel La Bastide d'Entraigues,https://avignon-tourisme.com/offres/logis-hotel-la-bastide-dentraigues-entraigues-sur-la-sorgue-fr-4143375/,0,,,"175 Avenue du Général Charles de Gaulle, 84320 Entraigues-sur-la-Sorgue","Dans le village d'Entraigues-sur-la-Sorgue, à - de 10 min d'Avignon, le LOGIS LA BASTIDE D'ENTRAIGUES invite à un séjour détente avec ses 19 chambres contemporaines et  climatisées, sa piscine, son solarium et son jardin.",Piscine,1 Chambre(s) pour personne à mobilité réduite,"Carte bancaire/crédit,Chèque-Vacances Classic,Espèces,Titre Restaurant,Chèque-Vacances Connect,Paiement sans contact",
L'avant scène,https://avignon-tourisme.com/offres/lavant-scene-le-pontet-fr-4144052/,0,,,"111 avenue Charles de Gaulle - Résidence Plein Ciel - 84130 LE PONTET, 84130 Le Pontet","Atelier d artiste transformé en loft de luxe  classé ""Meublé de Tourisme 5 étoiles"" avec grande terrasse, proche des  remparts d Avignon.","Non accessible en fauteuil roulant,Climatisation,Lit bébé,Accès Internet privatif Wifi,Matériel Bébé,Borne de recharge pour 2 roues électriques,Parking gratuit,Parking privé,Parking,Terrasse,Abris pour vélo ou VTT,Animaux acceptés",1 Lit(s) double(s),"Chèque,Carte bancaire/crédit",Toute l'année 2025 - Ouvert tous les jours
Hostellerie du Château des Fines Roches,https://avignon-tourisme.com/offres/hostellerie-du-chateau-des-fines-roches-chateauneuf-du-pape-fr-4148187/,0,,99€,"1901 Route de Sorgues, 84230 Châteauneuf-du-Pape","Château de charme 4 étoiles avec 11 chambres, idéalement situé entre Avignon et Orange. Profitez du cadre authentique, d’un service dédié et de nombreuses opportunités pour découvrir la Provence, alliant élégance, confort et art de vivre.",Piscine,1 Chambre(s) pour personne à mobilité réduite,"Carte bancaire/crédit,Chèque,Espèces,Virement",Du 1 janvier 2025 au 23 décembre 2025 - Ouvert tous les jours
Le Mas des Amandiers,https://avignon-tourisme.com/offres/le-mas-des-amandiers-graveson-fr-4164500/,0,,84€,"112 Impasse des Amandiers, 13690 Graveson","Au cœur des Alpilles, cet hôtel 3 étoiles de 29 chambres climatisées vous offre calme et bien-être. Profitez d’une piscine, d’un jardin arboré, d’un bar et d’un restaurant sur site. WiFi, parking clos gratuit et terrasses privatives en RDC.",Piscine,1 Chambre(s) pour personne à mobilité réduite,"Carte bancaire/crédit,Espèces,Chèque-Vacances Classic",Toute l'année 2025 - Ouvert tous les jours
La Garance en Provence,https://avignon-tourisme.com/offres/la-garance-en-provence-le-thor-fr-4179771/,0,,5700€,"4010 Route de Saint-Saturnin d'Avignon, 84250 Le Thor","Proche d'Avignon et aux portes du Luberon, en pleine campagne, cet ancien Relais de Poste du XVIIe siècle bénéficie d'une vue sur le Château de Thouzon, d'une piscine à débordement de 17 mètres, avec 6 chambres et 6 salles de bains de grand confort.",Piscine,2 Lit(s) simple(s),"Chèque,Virement",Toute l'année 2025 - Ouvert tous les jours
Hôtel Castel Mouisson,https://avignon-tourisme.com/offres/hotel-castel-mouisson-barbentane-fr-4168193/,0,,80€,"247 Chemin Sous Les Roches, 13570 Barbentane","Hôtel de 17 chambres en campagne dans un parc ombragé avec piscine et parking privé, situé à 4 km d'Avignon et 15 km de St Rémy de Provence. Petite restauration et snacking.",Piscine,37 Personne(s),"Carte bancaire/crédit,Chèque,Chèque-Vacances Classic,Espèces",Lundi
La Maison de Jade,https://avignon-tourisme.com/offres/la-maison-de-jade-entraigues-sur-la-sorgue-fr-4793308/,0,,,"10 place des Chardonnerets, 84320 Entraigues-sur-la-Sorgue","Au coeur d'un lotissement d'Entraigues sur Sorgues, La Maison de Jade est parfaitement située, au calme, avec jardin clos, piscine et abris vélos. Proche de la gare, des axes routiers menant sur Avignon et Carpentras, et des parcours vélo et pédestres.",Piscine,3 Lit(s) simple(s),Chèque,
Le Cloître du Couvent - Studio,https://avignon-tourisme.com/offres/le-cloitre-du-couvent-studio-villeneuve-les-avignon-fr-4143550/,0,,,"35 rue des Récollets, 30400 Villeneuve-lès-Avignon","Centre historique donnant sur jardin intérieur arboré, ancien couvent du 17eme siècle","Non accessible en fauteuil roulant,Non fumeur,Matériel Bébé,Accès Internet privatif Wifi,Cuisine,Congélateur,Draps compris,Four,Lave linge privatif,Réfrigérateur,Sèche cheveux,Télévision",1 Chambre(s),Chèque,Du 1 mars 2025 au 15 novembre 2025 - Ouvert tous les jours
Hôtel Le Saint Louis,https://avignon-tourisme.com/offres/hotel-le-saint-louis-le-thor-fr-4146083/,0,,,"4 Allée de la Sauge, 84250 Le Thor","À 3 km de l’Isle-sur-la-Sorgue, l’hôtel Saint Louis offre 38 chambres climatisées, Wi-Fi gratuit, piscine 20x10m et un cadre paisible. Idéal pour un séjour calme et reposant.",Piscine,23 Chambre(s) double,"Carte bancaire/crédit,Espèces,Chèque-Vacances Classic,Chèque-Vacances Connect,Virement",Du 6 janvier 2025 au 26 décembre 2025 - Ouvert tous les jours
La Bastide de Boulbon,https://avignon-tourisme.com/offres/la-bastide-de-boulbon-boulbon-fr-4159000/,0,,180€,"1 chemin de la Lône, 13150 Boulbon","Petit village provençal, Boulbon abrite un hôtel de charme au pied de la Montagnette. Cette bastide de 1850, rénovée avec soin a 8 chambres et un accueil intimiste, discret et personnalisé, idéal pour un séjour d'exception alliant calme et authenticité.",Piscine,1 Chambre(s) pour personne à mobilité réduite,"Carte bancaire/crédit,Espèces,Virement",Du 11 avril 2025 au 13 octobre 2025 - Ouvert tous les jours
Camping Sandaya Ile des Papes,https://avignon-tourisme.com/offres/camping-sandaya-ile-des-papes-villeneuve-les-avignon-fr-4143236/,0,,,"1497 Route Départementale 780, Quartier de l'Islon - Barrage de Villeneuve, 30400 Villeneuve-lès-Avignon","Sur une île privée de 20 hectares, l’Ile des Papes est un camping international, idéal pour un séjour familial avec de jeunes enfants.",Piscine,391 Emplacement(s) classé(s),"Carte bancaire/crédit,Chèque-Vacances Classic,Espèces",Du 11 avril 2025 au 28 septembre 2025 - Ouvert tous les jours
Dans un Jardin en Provence,https://avignon-tourisme.com/offres/dans-un-jardin-en-provence-saint-saturnin-les-avignon-fr-4144082/,0,,,"341 route du Puy, 84450 Saint-Saturnin-lès-Avignon","Détendez-vous en toute intimité dans ce logement unique et tranquille.  Une parenthèse dans la verdure.  À proximité immédiate d'Avignon, de l'Isle sur la Sorgues, du mont Ventoux et des villages de caractère du Luberon.",Piscine,2 Lit(s) double(s),"Carte bancaire/crédit,Chèque",Du 1 février 2025 au 31 décembre 2025 - Ouvert tous les jours
Camping Les Avignon - Vivacamp La Laune,https://avignon-tourisme.com/offres/camping-les-avignon-vivacamp-la-laune-villeneuve-les-avignon-fr-4335975/,0,,,"Chemin Saint-Honoré, 30400 Villeneuve-lès-Avignon","Véritable écrin de verdure et de calme, le camping est situé à quelques pas du centre de Villeneuve lez Avignon et à seulement quelques minutes d'Avignon. Il est parfait pour découvrir les monuments classés au patrimoine mondial de l'UNESCO.","Animations de soirées,Animation,Animation enfants,Lave linge collectif,Sèche linge collectif,Matériel Bébé,Restaurant,Parking privé,Parking autocar,Barrière automatique,Parking,Bar",126 Emplacement(s) classé(s),"Chèque,Carte bancaire/crédit,Espèces,Chèque-Vacances Classic",Du 1 mars 2025 au 31 octobre 2025 - Ouvert tous les jours
Camping la Montagne,https://avignon-tourisme.com/offres/camping-la-montagne-sorgues-fr-4165361/,0,,,"944 chemin de la Montagne, 84700 Sorgues","Camping **** , familial, situé au cœur de la Provence et du Luberon. 50 emplacements ombragés, espace aquatique chauffé avec toboggans et jacuzzi.",Piscine,50 Emplacement(s) classé(s),"Carte bancaire/crédit,Chèque-Vacances Classic",Du 24 mars 2025 au 3 novembre 2025 - Ouvert tous les jours
Chambres d'hôtes Domaine des Lavarines,https://avignon-tourisme.com/offres/chambres-dhotes-domaine-des-lavarines-morieres-les-avignon-fr-4143370/,0,,,"791 Chemin des Lavarines, 84310 Morières-lès-Avignon",Chambres d'hôtes entre vignes et oliviers avec piscine et sauna,Piscine,3 Lit(s) double(s),"Carte bancaire/crédit,Chèque",Toute l'année 2025 - Fermé le dimanche
Le Cloître du Couvent - Chambre d'hôtes,https://avignon-tourisme.com/offres/le-cloitre-du-couvent-chambre-dhotes-villeneuve-les-avignon-fr-4143267/,0,,,"37 rue des Récollets, 30400 Villeneuve-lès-Avignon",Centre historique donnant sur jardin intérieur arboré ancien couvent du 17eme siècle.,"Non accessible en fauteuil roulant,Non fumeur,Matériel Bébé,Accès Internet privatif Wifi,Draps compris,Télévision,Lit bébé,Chambre familiale,Linge compris,Entrée commune,Boulodrome / Terrain de pétanque / Terrain de boule de fort,Jardin",1 Chambre(s),Chèque,Du 1 mars 2025 au 15 novembre 2025 - Ouvert tous les jours
La Villa d'Ambre : Domaine de Mordorée,https://avignon-tourisme.com/offres/la-villa-dambre-domaine-de-mordoree-tavel-fr-4146128/,0,,,"250 Chemin des Oliviers, 30126 Tavel",Location saisonnière de 2 à 12 personnes.,Piscine,6 Lit(s) double(s),"Carte bancaire/crédit,Chèque,Espèces,Virement",Toute l'année 2025 - Ouvert tous les jours
Mas des Pampres,https://avignon-tourisme.com/offres/mas-des-pampres-cabannes-fr-4184488/,0,,4200€,"2bis Avenue de Verdun, 13440 Cabannes","Au cœur du village, superbe maison de maître de 1880 avec 7 chambres, sur un terrain clos de 5000 m². Platanes, haies vives, pelouse et piscine chauffée offrent un cadre exceptionnel.",Piscine,7 Chambre(s),"Carte bancaire/crédit,Chèque,Chèque-Vacances Classic,Espèces,Virement",Du 6 janvier 2025 au 31 décembre 2025 - Ouvert tous les jours
Gîtes BLANCHE FLEUR,https://avignon-tourisme.com/offres/gites-blanche-fleur-chateauneuf-de-gadagne-fr-5313139/,0,,,"401 Chemin du Moulin Neuf, 84470 Châteauneuf-de-Gadagne","Domaine provençal, en bord de rivière, abritant plusieurs appartements. Domaine avec piscine et salle de réception.",Piscine,13 Chambre(s),"Carte bancaire/crédit,Paiement en ligne",Toute l'année 2025 - Ouvert tous les jours
Novotel Avignon Nord,https://avignon-tourisme.com/offres/novotel-avignon-nord-sorgues-fr-4157559/,0,,120€,"135 avenue Louis Pasteur, 84700 Sorgues",".À 10 min du centre-ville, notre hôtel**** tout confort, dispose de 100 belles chambres spacieuses et d'un restaurant le ""Confidentiel"" à l’atmosphère chaleureuse.",Piscine,2 Chambre(s) pour personne à mobilité réduite,"Chèque,Carte bancaire/crédit,Chèque-Vacances Classic",Toute l'année 2025 - Ouvert tous les jours
Hôtel La Suite,https://avignon-tourisme.com/offres/hotel-la-suite-villeneuve-les-avignon-fr-4143495/,0,,169€,"67, Rue de la République, 30400 Villeneuve-lès-Avignon","Dans un endroit presque caché, au coeur de Villeneuve lez Avignon, l’Hôtel, demeure historique, propose 6 chambres et 3 suites empreints d'une atmosphère unique retrouvée grâce à une restauration attentive et méticuleuse.",Piscine,1 Chambre(s) pour personne à mobilité réduite,"Carte bancaire/crédit,Chèque,Chèque-Vacances Classic,Espèces",Du 27 mai 2025 au 28 septembre 2025 - Ouvert tous les jours
Hôtel Ermitage,https://avignon-tourisme.com/offres/hotel-ermitage-les-angles-fr-4143753/,0,,90€,"30 avenue de Verdun, 30133 Les Angles","Situé sur la commune des Angles, qui offre un cadre reposant à deux pas de la Cité des Papes, cet hôtel de charme met à disposition 16 chambres entièrement équipée et décorées de façon unique.",Piscine,13 Chambre(s) double,"Carte bancaire/crédit,Espèces,Chèque-Vacances Classic",Toute l'année 2025 - Ouvert tous les jours
Lou Roucas - Chambres d'hôtes,https://avignon-tourisme.com/offres/lou-roucas-chambres-dhotes-aramon-fr-4184799/,0,,85€,"69 chemin Sainte-Suzanne, 372 A CH de la grave, 30390 Aramon","Située à Aramon, à 15 km d'Avignon, Lou Roucas est une maison d'hôtes provençale offrant 4 chambres décorées avec goût. Sur 1/2 hectare de terrain, vous y trouverez une piscine extérieure, une cuisine d'été, une terrasse ombragée, parc arboré, et parking",Piscine,4 Chambre(s),"Espèces,Apple Pay,Paiement en ligne,Virement",Toute l'année 2025 - Ouvert tous les jours
La Petite Rive - Les Tilleuls,https://avignon-tourisme.com/offres/la-petite-rive-les-tilleuls-velleron-fr-4616569/,0,,,"193 chemin de la Petite Bressy, 84740 Velleron","Idéalement située entre les Alpilles et le Luberon, à 4 km de l'Isle sur la Sorgue, la Petite Rive vous accueille dans son magnifique écrin de verdure. Les gîtes, situés au sein de la propriété, ont été entièrement rénovés début 2022.",Piscine,,"Espèces,Virement",
Hôtel du Parc,https://avignon-tourisme.com/offres/hotel-du-parc-entraigues-sur-la-sorgue-fr-4143412/,0,,70€,"1061 route de Carpentras, 84320 Entraigues-sur-la-Sorgue","A 5 min de l'A7 Avignon Nord et 10 min du centre d'Avignon, l'Hôtel du Parc 3* propose une escale de détente dans une demeure de charme entièrement climatisée et équipée d'une piscine et d'un restaurant.",Piscine,2 Chambre(s) pour personne à mobilité réduite,"Chèque,Carte bancaire/crédit,Chèque-Vacances Classic",Toute l'année 2025 - Ouvert tous les jours
Chambre d'hôtes Entre Vigne et Garrigue,https://avignon-tourisme.com/offres/chambre-dhotes-entre-vigne-et-garrigue-pujaut-fr-4143984/,0,,,"Mas Saint Bruno, 600 Route de Saint Bruno, 30131 Pujaut","Dans un cadre exceptionnel entre vigne et garrigue, à 10 mn d'Avignon, sur la route des grands vins de Tavel, 5 chambres paisibles dans une magnifique ferme construite par les chartreux en 1610.",Piscine,5 Chambre(s),"Carte bancaire/crédit,Chèque,Espèces",Toute l'année 2025 - Ouvert tous les jours
Chambres d'hôtes Le Mas Cothy,https://avignon-tourisme.com/offres/chambres-dhotes-le-mas-cothy-roquemaure-fr-4144051/,0,,95€,"1126 chemin du plan, 30150 Roquemaure","Notre maison d'hôtes est un ancien mas du 18ème situé dans un quartier résidentiel de Roquemaure, au cœur des vignobles et du berceau des côtes du Rhône.",Piscine,3 Lit(s) double(s),"Carte bancaire/crédit,Chèque-Vacances Classic",Du 1 mars 2025 au 30 novembre 2025 - Ouvert tous les jours
Najeti Hôtel La Magnaneraie,https://avignon-tourisme.com/offres/najeti-hotel-la-magnaneraie-villeneuve-les-avignon-fr-4143875/,0,,85€,"37 rue Camp de Bataille, 30400 Villeneuve-lès-Avignon","Au cœur de la Provence, aux portes d’Avignon, l’hôtel La Magnaneraie du groupe Najeti Hôtels et Golfs Collection, vous accueille dans un établissement qui allie le charme d’une ancienne demeure du XVème siècle avec le confort de l’hôtellerie moderne;",Piscine,2 Chambre(s) pour personne à mobilité réduite,"Carte bancaire/crédit,Chèque-Vacances Classic",Toute l'année 2025 - Ouvert tous les jours
Hôtel de l'Atelier,https://avignon-tourisme.com/offres/hotel-de-latelier-villeneuve-les-avignon-fr-4143711/,0,,82€,"5 rue de la Foire, 30400 Villeneuve-lès-Avignon","Nichée au cœur du vieux Villeneuve, cette bâtisse du XVIème siècle, ancien atelier de soie, a su préserver une douceur toute provençale. Entre vignes et figuiers, le petit déjeuner se déguste au calme du patio ombragé.","Non accessible en fauteuil roulant,Matériel Bébé,Climatisation,Lit bébé,Chaise bébé,Chambre familiale,Abris pour vélo ou VTT,Terrasse,Climatisation,Parking,Jardin,Salle de réunion",21 Chambre(s) double,"Carte bancaire/crédit,Chèque,Chèque-Vacances Classic,Espèces",Du 8 janvier 2025 au 28 décembre 2025 - Ouvert tous les jours
Vacanceole Sun Hols les Rives du Lac,https://avignon-tourisme.com/offres/vacanceole-sun-hols-les-rives-du-lac-saint-saturnin-les-avignon-fr-4143214/,0,,434€,"650 route de Pernes, 84450 Saint-Saturnin-lès-Avignon","Vacancéole - Sun Hols les Rives du Lac, vous accueille à deux pas d’Avignon. La résidence est composée de 14 maisons et 20 villas individuelles avec piscine.  Profitez également d’une piscine extérieure avec pataugeoire. Ambiance provençale assurée.",Piscine,,"Carte bancaire/crédit,Espèces,Chèque-Vacances Classic,Paiement sans contact","Du 4 avril 2025 au 2 novembre 2025 - Ouvert le lundi, le mardi, le mercredi, le jeudi, le vendredi, le samedi"
La Petite Rive - Les Oliviers,https://avignon-tourisme.com/offres/la-petite-rive-les-oliviers-velleron-fr-4616603/,0,,650€,"193 chemin de la Petite Bressy, 84740 Velleron","Idéalement située entre les Alpilles et le Luberon, à 4 km de l'Isle sur la Sorgue, la Petite Rive vous accueille dans son magnifique écrin de verdure. Les gîtes, situés au sein de la propriété, ont été entièrement rénovés début 2022.",Piscine,1 Lit(s) double(s),"Espèces,Virement",Lundi
Mazet des Chutes Muscade,https://avignon-tourisme.com/offres/mazet-des-chutes-muscade-graveson-fr-4200493/,0,,,"2, impasse des Chutes, 13690 Graveson","Véritable havre de paix, ce mazet de 50m2, spacieux et élégant à l'ambiance moderne, tout confort et entièrement équipé, chambre double et canapé convertible, donnant sur une terrasse privative avec vu sur la piscine et le jardin et les oliviers.",Piscine,1 Chambre(s),"Chèque,Espèces",Toute l'année 2025 - Ouvert tous les jours
L'Oréliane en Provence,https://avignon-tourisme.com/offres/loreliane-en-provence-chateauneuf-de-gadagne-fr-4150043/,0,,,"215 Rue du Baron Leroy, 84470 Châteauneuf-de-Gadagne","Dans un petit village au cœur de la Provence, L'Oréliane vous accueille dans une maison de famille, s'ouvrant sur un jardin avec son bassin et ses espaces de détente. Vous serez charmés par une décoration soignée et un accueil chaleureux.",Piscine,1 Lit(s) simple(s),"Chèque-Vacances Classic,Espèces,Chèque-Vacances Connect",Lundi
Mas des Rabasses,https://avignon-tourisme.com/offres/mas-des-rabasses-le-pontet-fr-4715956/,0,,,"209 chemin des Daulands, 84130 Le Pontet",Beau studio avec piscine dans la couronne avignonnaise,Piscine,1 Lit(s) double(s),"Carte bancaire/crédit,Espèces,Virement,Paiement en ligne","Toute l'année 2025 - Ouvert le lundi, le mardi, le mercredi, le jeudi, le vendredi, le samedi"
Camping La Roquette,https://avignon-tourisme.com/offres/camping-la-roquette-chateaurenard-fr-4160700/,0,,,"745 Avenue Jean Mermoz, 13160 Châteaurenard","Camping*** familial et convivial aux pieds du Vallon de la Roquette à 1 km du centre de ville et de ses commerçants. Le camping possède 22 Mobilhomes dont 1 PMR tous climatisés et 53 emplacements entre 80 et 100 m². Piscine et pataugeoire, aire de jeux...",Piscine,68 Emplacement(s) classé(s),"Chèque,Carte bancaire/crédit,Chèque-Vacances Classic,Chèque-Vacances Connect",Du 29 mars 2025 au 18 octobre 2025 - Ouvert tous les jours
Hotel 1770 & SPA,https://avignon-tourisme.com/offres/hotel-1770-spa-le-pontet-fr-4470032/,0,,149€,"107 Allée de Viré Abeille, 84130 Le Pontet","L’hôtel 1770 Avignon est une demeure provençale construite en 1770 et remise aux goûts du jour dans un style contemporain mais tout en ayant conservé des notes de tradition (poutres apparentes, escalier en marbre…).",Piscine,2 Chambre(s) pour personne à mobilité réduite,"Carte bancaire/crédit,Chèque-Vacances Classic",Toute l'année 2025 - Ouvert tous les jours
L'Escale des Alpilles,https://avignon-tourisme.com/offres/lescale-des-alpilles-rognonas-fr-4168201/,0,,84€,"20 Boulevard des Arènes, 13870 Rognonas","L'Escale des Alpilles est un hôtel 3 étoiles situé à Rognonas, près d'Avignon. Il propose 14 chambres rénovées au style cocooning. L'hôtel propose une piscine extérieure chauffée, une terrasse ombragée, un parking privé gratuit et une salle de séminaire",Piscine,1 Chambre(s) pour personne à mobilité réduite,"Carte bancaire/crédit,Chèque,Chèque-Vacances Classic,Espèces",Lundi
YMCA Gard Pont d'Avignon,https://avignon-tourisme.com/offres/ymca-gard-pont-davignon-villeneuve-les-avignon-fr-4144037/,0,,,"7 bis chemin de la Justice, BP 112, 30400 Villeneuve-lès-Avignon","Centre international de séjour pour les groupes à vocation éducative, culturelle et sportive.",Piscine,2 Hébergement(s) pour personne à mobilité réduite,"Chèque,Espèces,Chèque-Vacances Classic,Virement",Toute l'année 2025 - Ouvert tous les jours
Le Moulin d'Aure,https://avignon-tourisme.com/offres/le-moulin-daure-graveson-fr-4286794/,0,,116€,"112 Route de Cassoulen, 13690 Graveson","Au cœur d’une Oliveraie de plus d’un hectare se niche deux vieilles bâtisses du  XIX siècle pour vous accueillir. 19 chambres rénovées en 2022, une majestueuse piscine et un restaurant de spécialités napolitaines pour vous faire passer un séjour unique !",Piscine,19 Chambre(s) double,"Chèque,Carte bancaire/crédit,Espèces,Chèque-Vacances Connect,Paiement sans contact,Virement",Du 1 avril 2025 au 31 décembre 2025 - Ouvert tous les jours
